{"cameraMode":{"drawMode":0,"name":"Shaded","section":"Shading Mode"},"sceneLighting":true,"audioPlay":false,"sceneViewState":{"showFog":true,"showMaterialUpdate":false,"showSkybox":true,"showFlares":true,"showImageEffects":true,"showParticleSystems":true},"in2DMode":false,"pivot":{"x":3.187643051147461,"y":2.1288998126983644,"z":2.3121025562286379},"rotation":{"x":-0.019038831815123559,"y":-0.7916261553764343,"z":-0.024699069559574128,"w":0.6102094054222107},"size":14.316612243652344,"orthographic":false}