{"cameraMode":{"drawMode":0,"name":"Shaded","section":"Shading Mode"},"sceneLighting":true,"audioPlay":false,"sceneViewState":{"showFog":true,"showMaterialUpdate":false,"showSkybox":true,"showFlares":true,"showImageEffects":true,"showParticleSystems":true},"in2DMode":false,"pivot":{"x":-71.53990173339844,"y":-11.1815767288208,"z":69.55223083496094},"rotation":{"x":-0.059477292001247409,"y":0.39510977268218996,"z":-0.025647085160017015,"w":-0.9163476824760437},"size":123.84476470947266,"orthographic":false}